Entreprise,Notation,Domaine
MATERFRANCE,"TrustScore 4,9|476 avis",Usine de panneaux solaires photovoltaïques
PRO EXPERT SOLAIRE,"TrustScore 4,9|322 avis",Chauffagiste
Check my House,"TrustScore 4,9|309 avis",Inspecteur en bâtiment
Sunethic,"TrustScore 4,9|257 avis",Solutions et équipement énergétiques
Exabat,"TrustScore 4,9|166 avis",Inspecteur en bâtiment
LA-RE2020.FR,"TrustScore 4,9|158 avis",Consultant en ingénierie
Légimétrie  Marseille,"TrustScore 4,8|612 avis",Inspecteur immobilier
Mazorcollection,"TrustScore 4,8|158 avis",Entrepreneur
SBF Energies,"TrustScore 4,8|128 avis",Chauffagiste
FAMILY'S AND WOOD,"TrustScore 4,8|46 avis",Boutique de cadeaux
Toolstation,"TrustScore 4,7|23 128 avis",Société de construction
Sibel Energie,"TrustScore 4,7|577 avis",Fournisseur d'équipements d'énergie solaire
Sunity,"TrustScore 4,7|121 avis",Entrepreneur en énergie solaire
TUCOENERGIE,"TrustScore 4,6|991 avis",Entrepreneur spécialisé dans l'isolation
Les Bons Artisans - Lesbonsartisans.fr,"TrustScore 4,5|12 612 avis",Vitrier
Renovation Man,"TrustScore 4,5|842 avis",Société de construction
MeilleurArtisan.com,"TrustScore 4,5|234 avis",Plombier
Monsieur Peinture,"TrustScore 4,5|221 avis",Service de rénovation de bureaux
toutleliege.com,"TrustScore 4,5|182 avis",Magasin de revêtements de sol
Archidvisor,"TrustScore 4,5|169 avis",Cabinet d'architecte d'intérieur
